<?xml version='1.0' encoding='utf-8' standalone='yes' ?>
<map>
    <long name="last_upload" value="1756116589052" />
    <long name="first_open_time" value="1756116578241" />
    <string name="gmp_app_id">1:737640464801:android:c96849e13de93aca5a4be0</string>
    <string name="app_instance_id">43900f4b2cc9237355d09aec974e17f1</string>
    <long name="session_id" value="1756116578" />
    <boolean name="app_backgrounded" value="false" />
    <long name="health_monitor:start" value="1756116578266" />
    <boolean name="deferred_analytics_collection" value="false" />
    <string name="previous_os_version">12</string>
    <boolean name="has_been_opened" value="true" />
    <string name="health_monitor:value">2WC119002:Service invalid</string>
    <boolean name="allow_remote_dynamite" value="true" />
    <long name="last_pause_time" value="1756116598761" />
    <long name="midnight_offset" value="31010717" />
    <boolean name="start_new_session" value="false" />
    <long name="health_monitor:count" value="2" />
    <long name="last_upload_attempt" value="0" />
</map>
